-- phpMyAdmin SQL Dump
-- version 4.8.5
-- https://www.phpmyadmin.net/
--
-- Host: localhost:3306
-- Generation Time: Jan 31, 2021 at 02:12 PM
-- Server version: 5.7.24
-- PHP Version: 7.2.19

SET SQL_MODE = "NO_AUTO_VALUE_ON_ZERO";
SET AUTOCOMMIT = 0;
START TRANSACTION;
SET time_zone = "+00:00";


/*!40101 SET @OLD_CHARACTER_SET_CLIENT=@@CHARACTER_SET_CLIENT */;
/*!40101 SET @OLD_CHARACTER_SET_RESULTS=@@CHARACTER_SET_RESULTS */;
/*!40101 SET @OLD_COLLATION_CONNECTION=@@COLLATION_CONNECTION */;
/*!40101 SET NAMES utf8mb4 */;

--
-- Database: `blog_admin`
--

-- --------------------------------------------------------

--
-- Table structure for table `banner_posts`
--

CREATE TABLE `banner_posts` (
  `id` int(10) UNSIGNED NOT NULL,
  `title` int(10) UNSIGNED NOT NULL,
  `status` varchar(40) NOT NULL
) ENGINE=InnoDB DEFAULT CHARSET=utf8;

--
-- Dumping data for table `banner_posts`
--

INSERT INTO `banner_posts` (`id`, `title`, `status`) VALUES
(1, 1, 'active');

-- --------------------------------------------------------

--
-- Table structure for table `blogs`
--

CREATE TABLE `blogs` (
  `id` int(10) UNSIGNED NOT NULL,
  `title` varchar(190) NOT NULL,
  `tags` varchar(40) NOT NULL,
  `content` text NOT NULL,
  `photo` varchar(50) NOT NULL,
  `posted` varchar(40) NOT NULL,
  `date` date DEFAULT NULL,
  `author` varchar(40) DEFAULT NULL,
  `category` varchar(40) NOT NULL
) ENGINE=InnoDB DEFAULT CHARSET=utf8;

--
-- Dumping data for table `blogs`
--

INSERT INTO `blogs` (`id`, `title`, `tags`, `content`, `photo`, `posted`, `date`, `author`, `category`) VALUES
(1, 'Newest Blog and content management', 'blog,php,bootstrap', '<div>Lorem ipsum dolor sit amet, consectetur adipisicing elit, sed do eiusmod</div><div>tempor incididunt ut labore et dolore magna aliqua. Ut enim ad minim veniam,</div><div>quis nostrud exercitation ullamco laboris nisi ut aliquip ex ea commodo</div><div>consequat. Duis aute irure dolor in reprehenderit in voluptate velit esse</div><div>cillum dolore eu fugiat nulla pariatur. Excepteur sint occaecat cupidatat non</div><div>proident, sunt in culpa qui officia deserunt mollit anim id est laborum.</div>', '63560400_1524778647.jpg', 'draft', NULL, NULL, '5'),
(2, 'Benefits of livig in this world', 'life,life tips', '<div>Lorem ipsum dolor sit amet, consectetur adipisicing elit, sed do eiusmod</div><div>tempor incididunt ut labore et dolore magna aliqua. Ut enim ad minim veniam,</div><div>quis nostrud exercitation ullamco laboris nisi ut aliquip ex ea commodo</div><div>consequat. Duis aute irure dolor in reprehenderit in voluptate velit esse</div><div>cillum dolore eu fugiat nulla pariatur. Excepteur sint occaecat cupidatat non</div><div>proident, sunt in culpa qui officia deserunt mollit anim id est laborum.</div>', '19292400_1524780270.jpg', 'publish', '2018-04-27', 'admin', '2'),
(3, 'The future of web developement on earth', 'web,development,earth', '<div>Lorem ipsum dolor sit amet, consectetur adipisicing elit, sed do eiusmod<span style=\"font-size: 0.857em;\">tempor incididunt ut labore et dolore magna aliqua. Ut enim ad minim veniam,</span><span style=\"font-size: 0.857em;\">quis nostrud exercitation ullamco laboris nisi ut aliquip ex ea commodo</span><span style=\"font-size: 0.857em;\">consequat. Duis aute irure dolor in reprehenderit in voluptate velit esse</span><span style=\"font-size: 0.857em;\">cillum dolore eu fugiat nulla pariatur. Excepteur sint occaecat cupidatat non</span><span style=\"font-size: 0.857em;\">proident, sunt in culpa qui officia deserunt mollit anim id est laborum.</span></div>', '46981800_1524780339.jpg', 'publish', '2018-04-27', 'admin', '3'),
(4, 'The subtle art of not giving a fuck-Mark Manson', 'books,reading,novels', '<span style=\"font-size: 12.855px;\">Lorem ipsum dolor sit amet, consectetur adipisicing elit, sed do eiusmod</span><span style=\"font-size: 0.857em;\">tempor incididunt ut labore et dolore magna aliqua. Ut enim ad minim veniam,</span><span style=\"font-size: 0.857em;\">quis nostrud exercitation ullamco laboris nisi ut aliquip ex ea commodo</span><span style=\"font-size: 0.857em;\">consequat. Duis aute irure dolor in reprehenderit in voluptate velit esse</span><span style=\"font-size: 0.857em;\">cillum dolore eu fugiat nulla pariatur. Excepteur sint occaecat cupidatat non</span><span style=\"font-size: 0.857em;\">proident, sunt in culpa qui officia deserunt mollit anim id est laborum.</span><span style=\"font-size: 12.855px;\">Lorem ipsum dolor sit amet, consectetur adipisicing elit, sed do eiusmod</span><span style=\"font-size: 0.857em;\">tempor incididunt ut labore et dolore magna aliqua. Ut enim ad minim veniam,</span><span style=\"font-size: 0.857em;\">quis nostrud exercitation ullamco laboris nisi ut aliquip ex ea commodo</span><span style=\"font-size: 0.857em;\">consequat. Duis aute irure dolor in reprehenderit in voluptate velit esse</span><span style=\"font-size: 0.857em;\">cillum dolore eu fugiat nulla pariatur. Excepteur sint occaecat cupidatat non</span><span style=\"font-size: 0.857em;\">proident, sunt in culpa qui officia deserunt mollit anim id est laborum.</span><br>', '98308700_1524790852.jpg', 'publish', '2018-04-27', 'admin', '2'),
(5, 'The challanges of being a writter', 'witting,blogging', '<div>Lorem ipsum dolor sit amet, consectetur adipisicing elit, sed do eiusmod<span style=\"font-size: 0.857em;\">tempor incididunt ut labore et dolore magna aliqua. Ut enim ad minim veniam,</span><span style=\"font-size: 0.857em;\">quis nostrud exercitation ullamco laboris nisi ut aliquip ex ea commodo</span><span style=\"font-size: 0.857em;\">consequat. Duis aute irure dolor in reprehenderit in voluptate velit esse</span><span style=\"font-size: 0.857em;\">cillum dolore eu fugiat nulla pariatur. Excepteur sint occaecat cupidatat non</span><span style=\"font-size: 0.857em;\">proident, sunt in culpa qui officia deserunt mollit anim id est laborum.</span></div>', '57894000_1524856026.jpg', 'publish', '2018-04-27', 'etemesi', '4'),
(6, 'Why i ventured into writting as a proffesion', 'witting,blogging', '<div>Lorem ipsum dolor sit amet, consectetur adipisicing elit, sed do eiusmod<span style=\"font-size: 0.857em;\">tempor incididunt ut labore et dolore magna aliqua. Ut enim ad minim veniam,</span><span style=\"font-size: 0.857em;\">quis nostrud exercitation ullamco laboris nisi ut aliquip ex ea commodo</span><span style=\"font-size: 0.857em;\">consequat. Duis aute irure dolor in reprehenderit in voluptate velit esse</span><span style=\"font-size: 0.857em;\">cillum dolore eu fugiat nulla pariatur. Excepteur sint occaecat cupidatat non</span><span style=\"font-size: 0.857em;\">proident, sunt in culpa qui officia deserunt mollit anim id est laborum.</span><span style=\"font-size: 11.0167px;\">Lorem ipsum dolor sit amet, consectetur adipisicing elit, sed do eiusmod</span><span style=\"font-size: 11.0167px;\">tempor incididunt ut labore et dolore magna aliqua. Ut enim ad minim veniam,</span><span style=\"font-size: 11.0167px;\">quis nostrud exercitation ullamco laboris nisi ut aliquip ex ea commodo</span><span style=\"font-size: 11.0167px;\">consequat. Duis aute irure dolor in reprehenderit in voluptate velit esse</span><span style=\"font-size: 11.0167px;\">cillum dolore eu fugiat nulla pariatur. Excepteur sint occaecat cupidatat non</span><span style=\"font-size: 11.0167px;\">proident, sunt in culpa qui officia deserunt mollit anim id est laborum.</span></div>', '30278600_1524856225.jpg', 'draft', '2018-04-27', 'etemesi', '4'),
(7, 'Yeshi Blog', 'dsfasdf as', '<span style=\"color: rgb(63, 63, 63); font-family: roboto, \" helvetica=\"\" neue\",=\"\" arial,=\"\" sans-serif;=\"\" font-size:=\"\" 16px;\"=\"\">This online reviewer system is the best for knowledge evaluation and it’s suitable for colleges and universities. This system provides a comprehensive list of all of the reviews that were written by the teacher or admin. It is composed of level questions (easy, moderate, and difficult) and the students have to answer the examination with a time limit. Then, the students can view the result after taking the examination to find out if they have passed it or failed.</span>', '66039000_1612098811.jpg', 'publish', '2021-01-31', 'yeshi', '6'),
(8, 'Tenzin Blog', 'example', '<span style=\"color: rgb(63, 63, 63); font-family: roboto, &quot;Helvetica Neue&quot;, Arial, sans-serif; font-size: 16px;\">This is a Sales and Inventory Management System project that was developed using CodeIgniter PHP Framework and MDB Bootstrap Template. The purpose of this project is to help a certain company to manage its sales transactions and stock monitoring. The system stores the company\'s product data and also relevant information to manage the stocks and sales transaction such as the supplier list, customer.&nbsp;</span><span style=\"color: rgb(63, 63, 63); font-family: roboto, &quot;Helvetica Neue&quot;, Arial, sans-serif; font-size: 16px;\">This is a Sales and Inventory Management System project that was developed using CodeIgniter PHP Framework and MDB Bootstrap Template. The purpose of this project is to help a certain company to manage its sales transactions and stock monitoring. The system stores the company\'s product data and also relevant information to manage the stocks and sales transaction such as the supplier list, customer.</span><span style=\"color: rgb(63, 63, 63); font-family: roboto, &quot;Helvetica Neue&quot;, Arial, sans-serif; font-size: 16px;\">This is a Sales and Inventory Management System project that was developed using CodeIgniter PHP Framework and MDB Bootstrap Template. The purpose of this project is to help a certain company to manage its sales transactions and stock monitoring. The system stores the company\'s product data and also relevant information to manage the stocks and sales transaction such as the supplier list, customer.&nbsp;</span><span style=\"color: rgb(63, 63, 63); font-family: roboto, &quot;Helvetica Neue&quot;, Arial, sans-serif; font-size: 16px;\">This is a Sales and Inventory Management System project that was developed using CodeIgniter PHP Framework and MDB Bootstrap Template. The purpose of this project is to help a certain company to manage its sales transactions and stock monitoring. The system stores the company\'s product data and also relevant information to manage the stocks and sales transaction such as the supplier list, customer</span><br>', '48568400_1612099557.jpg', 'publish', '2021-01-31', 'admin', '3');

-- --------------------------------------------------------

--
-- Table structure for table `blog_categories`
--

CREATE TABLE `blog_categories` (
  `id` int(10) UNSIGNED NOT NULL,
  `name` varchar(40) NOT NULL
) ENGINE=InnoDB DEFAULT CHARSET=utf8;

--
-- Dumping data for table `blog_categories`
--

INSERT INTO `blog_categories` (`id`, `name`) VALUES
(1, 'tricks'),
(2, 'hacks'),
(3, 'offers'),
(4, 'promotion'),
(5, 'devices'),
(6, 'entertainment'),
(7, 'Life goes on');

-- --------------------------------------------------------

--
-- Table structure for table `editors_choice`
--

CREATE TABLE `editors_choice` (
  `id` int(10) UNSIGNED NOT NULL,
  `blog` int(10) UNSIGNED NOT NULL
) ENGINE=InnoDB DEFAULT CHARSET=utf8;

--
-- Dumping data for table `editors_choice`
--

INSERT INTO `editors_choice` (`id`, `blog`) VALUES
(2, 3),
(1, 4),
(3, 7);

-- --------------------------------------------------------

--
-- Table structure for table `links`
--

CREATE TABLE `links` (
  `id` int(10) UNSIGNED NOT NULL,
  `facebook` varchar(40) DEFAULT NULL,
  `twitter` varchar(40) DEFAULT NULL,
  `googleplus` varchar(40) DEFAULT NULL,
  `pinterest` varchar(40) DEFAULT NULL,
  `dribble` varchar(40) DEFAULT NULL,
  `comments_script` text,
  `sharing_script` text,
  `javascript` text
) ENGINE=InnoDB DEFAULT CHARSET=utf8;

--
-- Dumping data for table `links`
--

INSERT INTO `links` (`id`, `facebook`, `twitter`, `googleplus`, `pinterest`, `dribble`, `comments_script`, `sharing_script`, `javascript`) VALUES
(1, 'http://www.facebook.com', 'http://www.twitter.com', 'http://www.plus.google.com', 'http://www.pinterest.com', 'http://www.dribble.com', '<div class=\"fb-comments container\" data-href=\"http://www.uoecu.org/newsview.php?id=<?php echo $row[\'id\'];?>\" data-numposts=\"20\" width=\"100%\"></div>', '<div class=\"addthis_sharing_toolbox\"></div>', '<script>(function(d, s, id) {\r\n		var js, fjs = d.getElementsByTagName(s)[0];\r\n		if (d.getElementById(id)) return;\r\n		js = d.createElement(s); js.id = id;\r\n		js.src = \'https://connect.facebook.net/en_US/sdk.js#xfbml=1&version=v2.11&appId=298807240601869\';\r\n		fjs.parentNode.insertBefore(js, fjs);\r\n	}(document, \'script\', \'facebook-jssdk\'));</script>\r\n<script type=\"text/javascript\" src=\"//s7.addthis.com/js/300/addthis_widget.js#pubid=ra-57587edcb1479678\"></script>');

-- --------------------------------------------------------

--
-- Table structure for table `membership_grouppermissions`
--

CREATE TABLE `membership_grouppermissions` (
  `permissionID` int(10) UNSIGNED NOT NULL,
  `groupID` int(11) DEFAULT NULL,
  `tableName` varchar(100) DEFAULT NULL,
  `allowInsert` tinyint(4) DEFAULT NULL,
  `allowView` tinyint(4) NOT NULL DEFAULT '0',
  `allowEdit` tinyint(4) NOT NULL DEFAULT '0',
  `allowDelete` tinyint(4) NOT NULL DEFAULT '0'
) ENGINE=InnoDB DEFAULT CHARSET=utf8;

--
-- Dumping data for table `membership_grouppermissions`
--

INSERT INTO `membership_grouppermissions` (`permissionID`, `groupID`, `tableName`, `allowInsert`, `allowView`, `allowEdit`, `allowDelete`) VALUES
(1, 2, 'titles', 1, 3, 3, 3),
(2, 2, 'links', 1, 3, 3, 3),
(3, 2, 'blog_categories', 1, 3, 3, 3),
(4, 2, 'blogs', 1, 3, 3, 3),
(5, 2, 'banner_posts', 1, 3, 3, 3),
(6, 2, 'editors_choice', 1, 3, 3, 3),
(32, 3, 'titles', 0, 0, 0, 0),
(33, 3, 'links', 0, 0, 0, 0),
(34, 3, 'blog_categories', 0, 3, 0, 0),
(35, 3, 'blogs', 1, 1, 1, 1),
(36, 3, 'editors_choice', 0, 0, 0, 0);

-- --------------------------------------------------------

--
-- Table structure for table `membership_groups`
--

CREATE TABLE `membership_groups` (
  `groupID` int(10) UNSIGNED NOT NULL,
  `name` varchar(20) DEFAULT NULL,
  `description` text,
  `allowSignup` tinyint(4) DEFAULT NULL,
  `needsApproval` tinyint(4) DEFAULT NULL
) ENGINE=InnoDB DEFAULT CHARSET=utf8;

--
-- Dumping data for table `membership_groups`
--

INSERT INTO `membership_groups` (`groupID`, `name`, `description`, `allowSignup`, `needsApproval`) VALUES
(1, 'anonymous', 'Anonymous group created automatically on 2018-04-26', 0, 0),
(2, 'Admins', 'Admin group created automatically on 2018-04-26', 0, 1),
(3, 'authors', 'contains all the guest authors', 1, 0);

-- --------------------------------------------------------

--
-- Table structure for table `membership_userpermissions`
--

CREATE TABLE `membership_userpermissions` (
  `permissionID` int(10) UNSIGNED NOT NULL,
  `memberID` varchar(20) NOT NULL,
  `tableName` varchar(100) DEFAULT NULL,
  `allowInsert` tinyint(4) DEFAULT NULL,
  `allowView` tinyint(4) NOT NULL DEFAULT '0',
  `allowEdit` tinyint(4) NOT NULL DEFAULT '0',
  `allowDelete` tinyint(4) NOT NULL DEFAULT '0'
) ENGINE=InnoDB DEFAULT CHARSET=utf8;

-- --------------------------------------------------------

--
-- Table structure for table `membership_userrecords`
--

CREATE TABLE `membership_userrecords` (
  `recID` bigint(20) UNSIGNED NOT NULL,
  `tableName` varchar(100) DEFAULT NULL,
  `pkValue` varchar(255) DEFAULT NULL,
  `memberID` varchar(20) DEFAULT NULL,
  `dateAdded` bigint(20) UNSIGNED DEFAULT NULL,
  `dateUpdated` bigint(20) UNSIGNED DEFAULT NULL,
  `groupID` int(11) DEFAULT NULL
) ENGINE=InnoDB DEFAULT CHARSET=utf8;

--
-- Dumping data for table `membership_userrecords`
--

INSERT INTO `membership_userrecords` (`recID`, `tableName`, `pkValue`, `memberID`, `dateAdded`, `dateUpdated`, `groupID`) VALUES
(1, 'titles', '1', 'admin', 1524766759, 1612099760, 2),
(2, 'links', '1', 'admin', 1524766827, 1524878963, 2),
(3, 'blog_categories', '1', 'admin', 1524773915, 1524773915, 2),
(4, 'blog_categories', '2', 'admin', 1524773923, 1524773923, 2),
(5, 'blog_categories', '3', 'admin', 1524773931, 1524773931, 2),
(6, 'blog_categories', '4', 'admin', 1524773941, 1524773941, 2),
(7, 'blog_categories', '5', 'admin', 1524773974, 1524773974, 2),
(8, 'blogs', '1', 'admin', 1524778647, 1524791344, 2),
(9, 'banner_posts', '1', 'admin', 1524779492, 1524779492, 2),
(10, 'blogs', '2', 'admin', 1524780270, 1524781513, 2),
(11, 'blogs', '3', 'admin', 1524780339, 1524789616, 2),
(12, 'blogs', '4', 'admin', 1524790853, 1524790853, 2),
(13, 'editors_choice', '1', 'admin', 1524799889, 1524799889, 2),
(14, 'editors_choice', '2', 'admin', 1524799903, 1524799903, 2),
(15, 'blogs', '5', 'etemesi', 1524856026, 1524856026, 3),
(16, 'blogs', '6', 'etemesi', 1524856225, 1524856225, 3),
(17, 'blog_categories', '6', 'etemesi', 1524858044, 1524858044, 3),
(18, 'blogs', '7', 'yeshi', 1612098811, 1612099393, 3),
(19, 'blogs', '8', 'admin', 1612099557, 1612099557, 2),
(20, 'blog_categories', '7', 'admin', 1612099602, 1612099602, 2),
(21, 'editors_choice', '3', 'admin', 1612099799, 1612099799, 2);

-- --------------------------------------------------------

--
-- Table structure for table `membership_users`
--

CREATE TABLE `membership_users` (
  `memberID` varchar(20) NOT NULL,
  `passMD5` varchar(40) DEFAULT NULL,
  `email` varchar(100) DEFAULT NULL,
  `signupDate` date DEFAULT NULL,
  `groupID` int(10) UNSIGNED DEFAULT NULL,
  `isBanned` tinyint(4) DEFAULT NULL,
  `isApproved` tinyint(4) DEFAULT NULL,
  `custom1` text,
  `custom2` text,
  `custom3` text,
  `custom4` text,
  `comments` text,
  `pass_reset_key` varchar(100) DEFAULT NULL,
  `pass_reset_expiry` int(10) UNSIGNED DEFAULT NULL
) ENGINE=InnoDB DEFAULT CHARSET=utf8;

--
-- Dumping data for table `membership_users`
--

INSERT INTO `membership_users` (`memberID`, `passMD5`, `email`, `signupDate`, `groupID`, `isBanned`, `isApproved`, `custom1`, `custom2`, `custom3`, `custom4`, `comments`, `pass_reset_key`, `pass_reset_expiry`) VALUES
('admin', '48f966f77be7d09d5e64a96894d462b9', 'ronniengoda@gmail.com', '2018-04-26', 2, 0, 1, NULL, NULL, NULL, NULL, 'Admin member created automatically on 2018-04-26\nRecord updated automatically on 2018-04-27\nRecord updated automatically on 2021-01-31', NULL, NULL),
('etemesi', '827ccb0eea8a706c4c34a16891f84e7b', 'etemesi@gmail.com', '2018-04-27', 3, 0, 1, 'philiiip etemesi', 'nairobi,kenya', 'nairobi', 'kenya', 'member signed up through the registration form.', NULL, NULL),
('guest', NULL, NULL, '2018-04-26', 1, 0, 1, NULL, NULL, NULL, NULL, 'Anonymous member created automatically on 2018-04-26', NULL, NULL),
('yeshi', '1bbd886460827015e5d605ed44252251', 'tentibet59@gmail.com', '2021-01-31', 3, 0, 1, 'Yeshi', 'sfsdsd', 'sdsd', '2222225558', 'member signed up through the registration form.', NULL, NULL);

-- --------------------------------------------------------

--
-- Table structure for table `page_hits`
--

CREATE TABLE `page_hits` (
  `page` varchar(255) NOT NULL,
  `count` int(11) DEFAULT NULL
) ENGINE=InnoDB DEFAULT CHARSET=latin1;

--
-- Dumping data for table `page_hits`
--

INSERT INTO `page_hits` (`page`, `count`) VALUES
('Benefits of livig in this world', 8),
('Laravel Developer', 1),
('Tenzin Blog', 2),
('The challanges of being a writter', 6),
('The future of web developement on earth', 19),
('The subtle art of not giving a fuck-Mark Manson', 24),
('Why i ventured into writting as a proffesion', 2),
('Yeshi Blog', 13);

-- --------------------------------------------------------

--
-- Table structure for table `titles`
--

CREATE TABLE `titles` (
  `id` int(10) UNSIGNED NOT NULL,
  `website_name` varchar(40) DEFAULT NULL,
  `tagline` varchar(40) DEFAULT NULL,
  `icon` varchar(40) DEFAULT NULL,
  `keywords` varchar(220) DEFAULT NULL,
  `short_description` varchar(200) DEFAULT NULL,
  `bannertext1` varchar(150) DEFAULT NULL,
  `bannertext2` varchar(150) DEFAULT NULL,
  `bannertext3` varchar(150) DEFAULT NULL,
  `bannertext4` varchar(150) DEFAULT NULL,
  `detailed_description` text,
  `address` varchar(40) DEFAULT NULL,
  `email` varchar(80) DEFAULT NULL,
  `phone` varchar(40) DEFAULT NULL,
  `googlemap` varchar(255) DEFAULT NULL
) ENGINE=InnoDB DEFAULT CHARSET=utf8;

--
-- Dumping data for table `titles`
--

INSERT INTO `titles` (`id`, `website_name`, `tagline`, `icon`, `keywords`, `short_description`, `bannertext1`, `bannertext2`, `bannertext3`, `bannertext4`, `detailed_description`, `address`, `email`, `phone`, `googlemap`) VALUES
(1, 'Bluebug Software Blog', 'Blogging For Passion', '95401600_1524766758.jpg', 'blog,tech blog,tricks,hacks,technology news,fantastic blog', 'This is a blog and content management system,You can easily setup your blog and customize it according to your needs.This is a short description of your blog.You can change this', 'Create a lifestyle <span>you desire</span>', 'Engaging Purposeful <span>and Creative</span>', 'Create the lifestyle <span>you desire</span>', 'Engaging Purposeful <span>and Creative</span>', 'This is a blog and content management system,You can easily setup your blog and customize it according to your needs.It is easy to use and manage.Multiple users can signup and be able contribute content.Lorem ipsum dolor sit amet, consectetur adipisicing elit, sed do eiusmodtempor incididunt ut labore et dolore magna aliqua. Ut enim ad minim veniam,quis nostrud exercitation ullamco laboris nisi ut aliquip ex ea commodoconsequat. Duis aute irure dolor in reprehenderit in voluptate velit essecillum dolore eu fugiat nulla pariatur. Excepteur sint occaecat cupidatat nonproident, sunt in culpa qui officia deserunt mollit anim id est laborum.', 'Nairobi,Kenya', 'contact@bluebugsoftware.com', '0708344101', 'https://www.google.com/maps/embed?pb=!1m18!1m12!1m3!1d100949.24429313939!2d-122.44206553967531!3d37.75102885910819!2m3!1f0!2f0!3f0!3m2!1i1024!2i768!4f13.1!3m3!1m2!1s0x80859a6d00690021%3A0x4a501367f076adff!2sSan+Francisco%2C+CA%2C+USA!5e0!3m2!1sen!2sin!4v1');

-- --------------------------------------------------------

--
-- Table structure for table `visitor_info`
--

CREATE TABLE `visitor_info` (
  `id` int(11) NOT NULL,
  `ip_address` varchar(255) DEFAULT NULL,
  `user_agent` varchar(255) DEFAULT NULL,
  `time_accessed` timestamp NOT NULL DEFAULT CURRENT_TIMESTAMP
) ENGINE=InnoDB DEFAULT CHARSET=latin1;

--
-- Dumping data for table `visitor_info`
--

INSERT INTO `visitor_info` (`id`, `ip_address`, `user_agent`, `time_accessed`) VALUES
(1, '::1', 'Mozilla/5.0 (Windows NT 10.0; Win64; x64) AppleWebKit/537.36 (KHTML, like Gecko) Chrome/66.0.3359.117 Safari/537.36', '2018-04-27 16:26:52'),
(2, '::1', 'Mozilla/5.0 (Windows NT 10.0; Win64; x64) AppleWebKit/537.36 (KHTML, like Gecko) Chrome/66.0.3359.117 Safari/537.36', '2018-04-27 16:27:01'),
(3, '::1', 'Mozilla/5.0 (Windows NT 10.0; Win64; x64) AppleWebKit/537.36 (KHTML, like Gecko) Chrome/66.0.3359.117 Safari/537.36', '2018-04-27 16:27:40'),
(4, '::1', 'Mozilla/5.0 (Windows NT 10.0; Win64; x64) AppleWebKit/537.36 (KHTML, like Gecko) Chrome/66.0.3359.117 Safari/537.36', '2018-04-27 16:27:55'),
(5, '::1', 'Mozilla/5.0 (Windows NT 10.0; Win64; x64) AppleWebKit/537.36 (KHTML, like Gecko) Chrome/66.0.3359.117 Safari/537.36', '2018-04-27 16:28:01'),
(6, '::1', 'Mozilla/5.0 (Windows NT 10.0; Win64; x64) AppleWebKit/537.36 (KHTML, like Gecko) Chrome/66.0.3359.117 Safari/537.36', '2018-04-27 16:28:12'),
(7, '::1', 'Mozilla/5.0 (Windows NT 10.0; Win64; x64) AppleWebKit/537.36 (KHTML, like Gecko) Chrome/66.0.3359.117 Safari/537.36', '2018-04-27 16:28:19'),
(8, '::1', 'Mozilla/5.0 (Windows NT 10.0; Win64; x64) AppleWebKit/537.36 (KHTML, like Gecko) Chrome/66.0.3359.117 Safari/537.36', '2018-04-27 16:28:22'),
(9, '::1', 'Mozilla/5.0 (Windows NT 10.0; Win64; x64) AppleWebKit/537.36 (KHTML, like Gecko) Chrome/66.0.3359.117 Safari/537.36', '2018-04-27 16:28:29'),
(10, '::1', 'Mozilla/5.0 (Windows NT 10.0; Win64; x64) AppleWebKit/537.36 (KHTML, like Gecko) Chrome/66.0.3359.117 Safari/537.36', '2018-04-27 16:28:32'),
(11, '::1', 'Mozilla/5.0 (Windows NT 10.0; Win64; x64) AppleWebKit/537.36 (KHTML, like Gecko) Chrome/66.0.3359.117 Safari/537.36', '2018-04-27 16:28:35'),
(12, '::1', 'Mozilla/5.0 (Windows NT 10.0; Win64; x64) AppleWebKit/537.36 (KHTML, like Gecko) Chrome/66.0.3359.117 Safari/537.36', '2018-04-27 16:28:38'),
(13, '::1', 'Mozilla/5.0 (Windows NT 10.0; Win64; x64) AppleWebKit/537.36 (KHTML, like Gecko) Chrome/66.0.3359.117 Safari/537.36', '2018-04-27 16:29:05'),
(14, '::1', 'Mozilla/5.0 (Windows NT 10.0; Win64; x64) AppleWebKit/537.36 (KHTML, like Gecko) Chrome/66.0.3359.117 Safari/537.36', '2018-04-27 16:29:09'),
(15, '::1', 'Mozilla/5.0 (Windows NT 10.0; Win64; x64) AppleWebKit/537.36 (KHTML, like Gecko) Chrome/66.0.3359.117 Safari/537.36', '2018-04-27 16:29:18'),
(16, '::1', 'Mozilla/5.0 (Windows NT 10.0; Win64; x64) AppleWebKit/537.36 (KHTML, like Gecko) Chrome/66.0.3359.117 Safari/537.36', '2018-04-27 16:29:25'),
(17, '::1', 'Mozilla/5.0 (Windows NT 10.0; Win64; x64) AppleWebKit/537.36 (KHTML, like Gecko) Chrome/66.0.3359.117 Safari/537.36', '2018-04-27 16:29:28'),
(18, '::1', 'Mozilla/5.0 (Windows NT 10.0; Win64; x64) AppleWebKit/537.36 (KHTML, like Gecko) Chrome/66.0.3359.117 Safari/537.36', '2018-04-27 16:29:51'),
(19, '::1', 'Mozilla/5.0 (Windows NT 10.0; Win64; x64) AppleWebKit/537.36 (KHTML, like Gecko) Chrome/66.0.3359.117 Safari/537.36', '2018-04-27 16:29:57'),
(20, '::1', 'Mozilla/5.0 (Windows NT 10.0; Win64; x64) AppleWebKit/537.36 (KHTML, like Gecko) Chrome/66.0.3359.117 Safari/537.36', '2018-04-27 16:30:00'),
(21, '::1', 'Mozilla/5.0 (Windows NT 10.0; Win64; x64) AppleWebKit/537.36 (KHTML, like Gecko) Chrome/66.0.3359.117 Safari/537.36', '2018-04-27 16:30:07'),
(22, '::1', 'Mozilla/5.0 (Windows NT 10.0; Win64; x64) AppleWebKit/537.36 (KHTML, like Gecko) Chrome/66.0.3359.117 Safari/537.36', '2018-04-27 16:30:15'),
(23, '::1', 'Mozilla/5.0 (Windows NT 10.0; Win64; x64) AppleWebKit/537.36 (KHTML, like Gecko) Chrome/66.0.3359.117 Safari/537.36', '2018-04-27 16:39:41'),
(24, '::1', 'Mozilla/5.0 (Windows NT 10.0; Win64; x64) AppleWebKit/537.36 (KHTML, like Gecko) Chrome/66.0.3359.117 Safari/537.36', '2018-04-27 16:40:41'),
(25, '::1', 'Mozilla/5.0 (Windows NT 10.0; Win64; x64) AppleWebKit/537.36 (KHTML, like Gecko) Chrome/66.0.3359.117 Safari/537.36', '2018-04-27 16:41:27'),
(26, '::1', 'Mozilla/5.0 (Windows NT 10.0; Win64; x64) AppleWebKit/537.36 (KHTML, like Gecko) Chrome/66.0.3359.117 Safari/537.36', '2018-04-27 17:26:10'),
(27, '::1', 'Mozilla/5.0 (Windows NT 10.0; Win64; x64) AppleWebKit/537.36 (KHTML, like Gecko) Chrome/66.0.3359.117 Safari/537.36', '2018-04-27 17:27:34'),
(28, '::1', 'Mozilla/5.0 (Windows NT 10.0; Win64; x64) AppleWebKit/537.36 (KHTML, like Gecko) Chrome/66.0.3359.117 Safari/537.36', '2018-04-27 17:28:20'),
(29, '::1', 'Mozilla/5.0 (Windows NT 10.0; Win64; x64) AppleWebKit/537.36 (KHTML, like Gecko) Chrome/66.0.3359.117 Safari/537.36', '2018-04-27 17:28:42'),
(30, '::1', 'Mozilla/5.0 (Windows NT 10.0; Win64; x64) AppleWebKit/537.36 (KHTML, like Gecko) Chrome/66.0.3359.117 Safari/537.36', '2018-04-27 17:30:26'),
(31, '::1', 'Mozilla/5.0 (Windows NT 10.0; Win64; x64) AppleWebKit/537.36 (KHTML, like Gecko) Chrome/66.0.3359.117 Safari/537.36', '2018-04-27 17:30:38'),
(32, '::1', 'Mozilla/5.0 (Windows NT 10.0; Win64; x64) AppleWebKit/537.36 (KHTML, like Gecko) Chrome/66.0.3359.117 Safari/537.36', '2018-04-27 17:30:41'),
(33, '::1', 'Mozilla/5.0 (Windows NT 10.0; Win64; x64) AppleWebKit/537.36 (KHTML, like Gecko) Chrome/66.0.3359.117 Safari/537.36', '2018-04-27 17:30:43'),
(34, '::1', 'Mozilla/5.0 (Windows NT 10.0; Win64; x64) AppleWebKit/537.36 (KHTML, like Gecko) Chrome/66.0.3359.117 Safari/537.36', '2018-04-27 17:30:45'),
(35, '::1', 'Mozilla/5.0 (Windows NT 10.0; Win64; x64) AppleWebKit/537.36 (KHTML, like Gecko) Chrome/66.0.3359.117 Safari/537.36', '2018-04-27 17:30:48'),
(36, '::1', 'Mozilla/5.0 (Windows NT 10.0; Win64; x64) AppleWebKit/537.36 (KHTML, like Gecko) Chrome/66.0.3359.117 Safari/537.36', '2018-04-27 17:30:51'),
(37, '::1', 'Mozilla/5.0 (Windows NT 10.0; Win64; x64) AppleWebKit/537.36 (KHTML, like Gecko) Chrome/66.0.3359.117 Safari/537.36', '2018-04-27 17:30:53'),
(38, '::1', 'Mozilla/5.0 (Windows NT 10.0; Win64; x64) AppleWebKit/537.36 (KHTML, like Gecko) Chrome/66.0.3359.117 Safari/537.36', '2018-04-27 17:30:56'),
(39, '::1', 'Mozilla/5.0 (Windows NT 10.0; Win64; x64) AppleWebKit/537.36 (KHTML, like Gecko) Chrome/66.0.3359.117 Safari/537.36', '2018-04-27 17:30:59'),
(40, '::1', 'Mozilla/5.0 (Windows NT 10.0; Win64; x64) AppleWebKit/537.36 (KHTML, like Gecko) Chrome/66.0.3359.117 Safari/537.36', '2018-04-27 17:32:02'),
(41, '::1', 'Mozilla/5.0 (Windows NT 10.0; Win64; x64) AppleWebKit/537.36 (KHTML, like Gecko) Chrome/66.0.3359.117 Safari/537.36', '2018-04-27 17:32:05'),
(42, '::1', 'Mozilla/5.0 (Windows NT 10.0; Win64; x64) AppleWebKit/537.36 (KHTML, like Gecko) Chrome/66.0.3359.117 Safari/537.36', '2018-04-27 17:32:07'),
(43, '::1', 'Mozilla/5.0 (Windows NT 10.0; Win64; x64) AppleWebKit/537.36 (KHTML, like Gecko) Chrome/66.0.3359.117 Safari/537.36', '2018-04-27 17:32:10'),
(44, '::1', 'Mozilla/5.0 (Windows NT 10.0; Win64; x64) AppleWebKit/537.36 (KHTML, like Gecko) Chrome/66.0.3359.117 Safari/537.36', '2018-04-27 19:08:04'),
(45, '::1', 'Mozilla/5.0 (Windows NT 10.0; Win64; x64) AppleWebKit/537.36 (KHTML, like Gecko) Chrome/66.0.3359.117 Safari/537.36', '2018-04-27 19:08:14'),
(46, '::1', 'Mozilla/5.0 (Windows NT 10.0; Win64; x64) AppleWebKit/537.36 (KHTML, like Gecko) Chrome/66.0.3359.117 Safari/537.36', '2018-04-27 21:43:06'),
(47, '::1', 'Mozilla/5.0 (Windows NT 10.0; Win64; x64) AppleWebKit/537.36 (KHTML, like Gecko) Chrome/66.0.3359.117 Safari/537.36', '2018-04-27 21:47:01'),
(48, '::1', 'Mozilla/5.0 (Windows NT 10.0; Win64; x64) AppleWebKit/537.36 (KHTML, like Gecko) Chrome/66.0.3359.117 Safari/537.36', '2018-04-27 21:47:08'),
(49, '::1', 'Mozilla/5.0 (Windows NT 10.0; Win64; x64) AppleWebKit/537.36 (KHTML, like Gecko) Chrome/66.0.3359.117 Safari/537.36', '2018-04-27 21:48:58'),
(50, '::1', 'Mozilla/5.0 (Windows NT 10.0; Win64; x64) AppleWebKit/537.36 (KHTML, like Gecko) Chrome/66.0.3359.117 Safari/537.36', '2018-04-27 21:49:18'),
(51, '::1', 'Mozilla/5.0 (Windows NT 10.0; Win64; x64) AppleWebKit/537.36 (KHTML, like Gecko) Chrome/66.0.3359.117 Safari/537.36', '2018-04-27 22:22:28'),
(52, '::1', 'Mozilla/5.0 (Windows NT 10.0; Win64; x64) AppleWebKit/537.36 (KHTML, like Gecko) Chrome/66.0.3359.117 Safari/537.36', '2018-04-28 01:41:41'),
(53, '::1', 'Mozilla/5.0 (Windows NT 10.0; Win64; x64) AppleWebKit/537.36 (KHTML, like Gecko) Chrome/66.0.3359.117 Safari/537.36', '2018-04-28 01:43:58'),
(54, '::1', 'Mozilla/5.0 (Windows NT 10.0; Win64; x64) AppleWebKit/537.36 (KHTML, like Gecko) Chrome/66.0.3359.117 Safari/537.36', '2018-04-28 01:46:23'),
(55, '::1', 'Mozilla/5.0 (Windows NT 10.0; Win64; x64) AppleWebKit/537.36 (KHTML, like Gecko) Chrome/88.0.4324.104 Safari/537.36', '2021-01-31 13:08:58'),
(56, '::1', 'Mozilla/5.0 (Windows NT 10.0; Win64; x64) AppleWebKit/537.36 (KHTML, like Gecko) Chrome/88.0.4324.104 Safari/537.36', '2021-01-31 13:09:46'),
(57, '::1', 'Mozilla/5.0 (Windows NT 10.0; Win64; x64) AppleWebKit/537.36 (KHTML, like Gecko) Chrome/88.0.4324.104 Safari/537.36', '2021-01-31 13:09:52'),
(58, '::1', 'Mozilla/5.0 (Windows NT 10.0; Win64; x64) AppleWebKit/537.36 (KHTML, like Gecko) Chrome/88.0.4324.104 Safari/537.36', '2021-01-31 13:14:45'),
(59, '::1', 'Mozilla/5.0 (Windows NT 10.0; Win64; x64) AppleWebKit/537.36 (KHTML, like Gecko) Chrome/88.0.4324.104 Safari/537.36', '2021-01-31 13:15:50'),
(60, '::1', 'Mozilla/5.0 (Windows NT 10.0; Win64; x64) AppleWebKit/537.36 (KHTML, like Gecko) Chrome/88.0.4324.104 Safari/537.36', '2021-01-31 13:16:07'),
(61, '::1', 'Mozilla/5.0 (Windows NT 10.0; Win64; x64) AppleWebKit/537.36 (KHTML, like Gecko) Chrome/88.0.4324.104 Safari/537.36', '2021-01-31 13:19:43'),
(62, '::1', 'Mozilla/5.0 (Windows NT 10.0; Win64; x64) AppleWebKit/537.36 (KHTML, like Gecko) Chrome/88.0.4324.104 Safari/537.36', '2021-01-31 13:23:02'),
(63, '::1', 'Mozilla/5.0 (Windows NT 10.0; Win64; x64) AppleWebKit/537.36 (KHTML, like Gecko) Chrome/88.0.4324.104 Safari/537.36', '2021-01-31 13:23:18'),
(64, '::1', 'Mozilla/5.0 (Windows NT 10.0; Win64; x64) AppleWebKit/537.36 (KHTML, like Gecko) Chrome/88.0.4324.104 Safari/537.36', '2021-01-31 13:26:04'),
(65, '::1', 'Mozilla/5.0 (Windows NT 10.0; Win64; x64) AppleWebKit/537.36 (KHTML, like Gecko) Chrome/88.0.4324.104 Safari/537.36', '2021-01-31 13:27:49'),
(66, '::1', 'Mozilla/5.0 (Windows NT 10.0; Win64; x64) AppleWebKit/537.36 (KHTML, like Gecko) Chrome/88.0.4324.104 Safari/537.36', '2021-01-31 13:35:39'),
(67, '::1', 'Mozilla/5.0 (Windows NT 10.0; Win64; x64) AppleWebKit/537.36 (KHTML, like Gecko) Chrome/88.0.4324.104 Safari/537.36', '2021-01-31 13:35:49'),
(68, '::1', 'Mozilla/5.0 (Windows NT 10.0; Win64; x64) AppleWebKit/537.36 (KHTML, like Gecko) Chrome/88.0.4324.104 Safari/537.36', '2021-01-31 13:36:13'),
(69, '::1', 'Mozilla/5.0 (Windows NT 10.0; Win64; x64) AppleWebKit/537.36 (KHTML, like Gecko) Chrome/88.0.4324.104 Safari/537.36', '2021-01-31 13:40:13'),
(70, '::1', 'Mozilla/5.0 (Windows NT 10.0; Win64; x64) AppleWebKit/537.36 (KHTML, like Gecko) Chrome/88.0.4324.104 Safari/537.36', '2021-01-31 13:40:43'),
(71, '::1', 'Mozilla/5.0 (Windows NT 10.0; Win64; x64) AppleWebKit/537.36 (KHTML, like Gecko) Chrome/88.0.4324.104 Safari/537.36', '2021-01-31 13:41:05'),
(72, '::1', 'Mozilla/5.0 (Windows NT 10.0; Win64; x64) AppleWebKit/537.36 (KHTML, like Gecko) Chrome/88.0.4324.104 Safari/537.36', '2021-01-31 13:41:17'),
(73, '::1', 'Mozilla/5.0 (Windows NT 10.0; Win64; x64) AppleWebKit/537.36 (KHTML, like Gecko) Chrome/88.0.4324.104 Safari/537.36', '2021-01-31 13:41:24'),
(74, '::1', 'Mozilla/5.0 (Windows NT 10.0; Win64; x64) AppleWebKit/537.36 (KHTML, like Gecko) Chrome/88.0.4324.104 Safari/537.36', '2021-01-31 13:41:31'),
(75, '::1', 'Mozilla/5.0 (Windows NT 10.0; Win64; x64) AppleWebKit/537.36 (KHTML, like Gecko) Chrome/88.0.4324.104 Safari/537.36', '2021-01-31 13:41:42');

--
-- Indexes for dumped tables
--

--
-- Indexes for table `banner_posts`
--
ALTER TABLE `banner_posts`
  ADD PRIMARY KEY (`id`),
  ADD KEY `title` (`title`);

--
-- Indexes for table `blogs`
--
ALTER TABLE `blogs`
  ADD PRIMARY KEY (`id`),
  ADD KEY `category` (`category`);

--
-- Indexes for table `blog_categories`
--
ALTER TABLE `blog_categories`
  ADD PRIMARY KEY (`id`);

--
-- Indexes for table `editors_choice`
--
ALTER TABLE `editors_choice`
  ADD PRIMARY KEY (`id`),
  ADD KEY `blog` (`blog`);

--
-- Indexes for table `links`
--
ALTER TABLE `links`
  ADD PRIMARY KEY (`id`);

--
-- Indexes for table `membership_grouppermissions`
--
ALTER TABLE `membership_grouppermissions`
  ADD PRIMARY KEY (`permissionID`);

--
-- Indexes for table `membership_groups`
--
ALTER TABLE `membership_groups`
  ADD PRIMARY KEY (`groupID`);

--
-- Indexes for table `membership_userpermissions`
--
ALTER TABLE `membership_userpermissions`
  ADD PRIMARY KEY (`permissionID`);

--
-- Indexes for table `membership_userrecords`
--
ALTER TABLE `membership_userrecords`
  ADD PRIMARY KEY (`recID`),
  ADD UNIQUE KEY `tableName_pkValue` (`tableName`,`pkValue`),
  ADD KEY `pkValue` (`pkValue`),
  ADD KEY `tableName` (`tableName`),
  ADD KEY `memberID` (`memberID`),
  ADD KEY `groupID` (`groupID`);

--
-- Indexes for table `membership_users`
--
ALTER TABLE `membership_users`
  ADD PRIMARY KEY (`memberID`),
  ADD KEY `groupID` (`groupID`);

--
-- Indexes for table `page_hits`
--
ALTER TABLE `page_hits`
  ADD PRIMARY KEY (`page`);

--
-- Indexes for table `titles`
--
ALTER TABLE `titles`
  ADD PRIMARY KEY (`id`);

--
-- Indexes for table `visitor_info`
--
ALTER TABLE `visitor_info`
  ADD PRIMARY KEY (`id`);

--
-- AUTO_INCREMENT for dumped tables
--

--
-- AUTO_INCREMENT for table `banner_posts`
--
ALTER TABLE `banner_posts`
  MODIFY `id` int(10) UNSIGNED NOT NULL AUTO_INCREMENT, AUTO_INCREMENT=2;

--
-- AUTO_INCREMENT for table `blogs`
--
ALTER TABLE `blogs`
  MODIFY `id` int(10) UNSIGNED NOT NULL AUTO_INCREMENT, AUTO_INCREMENT=9;

--
-- AUTO_INCREMENT for table `blog_categories`
--
ALTER TABLE `blog_categories`
  MODIFY `id` int(10) UNSIGNED NOT NULL AUTO_INCREMENT, AUTO_INCREMENT=8;

--
-- AUTO_INCREMENT for table `editors_choice`
--
ALTER TABLE `editors_choice`
  MODIFY `id` int(10) UNSIGNED NOT NULL AUTO_INCREMENT, AUTO_INCREMENT=4;

--
-- AUTO_INCREMENT for table `links`
--
ALTER TABLE `links`
  MODIFY `id` int(10) UNSIGNED NOT NULL AUTO_INCREMENT, AUTO_INCREMENT=2;

--
-- AUTO_INCREMENT for table `membership_grouppermissions`
--
ALTER TABLE `membership_grouppermissions`
  MODIFY `permissionID` int(10) UNSIGNED NOT NULL AUTO_INCREMENT, AUTO_INCREMENT=37;

--
-- AUTO_INCREMENT for table `membership_groups`
--
ALTER TABLE `membership_groups`
  MODIFY `groupID` int(10) UNSIGNED NOT NULL AUTO_INCREMENT, AUTO_INCREMENT=4;

--
-- AUTO_INCREMENT for table `membership_userpermissions`
--
ALTER TABLE `membership_userpermissions`
  MODIFY `permissionID` int(10) UNSIGNED NOT NULL AUTO_INCREMENT;

--
-- AUTO_INCREMENT for table `membership_userrecords`
--
ALTER TABLE `membership_userrecords`
  MODIFY `recID` bigint(20) UNSIGNED NOT NULL AUTO_INCREMENT, AUTO_INCREMENT=22;

--
-- AUTO_INCREMENT for table `titles`
--
ALTER TABLE `titles`
  MODIFY `id` int(10) UNSIGNED NOT NULL AUTO_INCREMENT, AUTO_INCREMENT=2;

--
-- AUTO_INCREMENT for table `visitor_info`
--
ALTER TABLE `visitor_info`
  MODIFY `id` int(11) NOT NULL AUTO_INCREMENT, AUTO_INCREMENT=76;
COMMIT;

/*!40101 SET CHARACTER_SET_CLIENT=@OLD_CHARACTER_SET_CLIENT */;
/*!40101 SET CHARACTER_SET_RESULTS=@OLD_CHARACTER_SET_RESULTS */;
/*!40101 SET COLLATION_CONNECTION=@OLD_COLLATION_CONNECTION */;
